<?xml version="1.0" ?>
<jobSummary archiveFilename="/Users/mshuma/PycharmProjects/PyATS_Basic/extended_examples/job/archive/18-Jul/extended_job.2018Jul05_14:01:04.zip" atsTreePath="/Users/mshuma/.pyenv/versions/3.6.1">
  <jobName>extended_job</jobName>
  <image/>
  <aborted>0</aborted>
  <passed>6</passed>
  <passx>0</passx>
  <failed>0</failed>
  <blocked>0</blocked>
  <skipped>0</skipped>
  <errored>6</errored>
  <unknown>0</unknown>
  <never_ran>0</never_ran>
  <total>12</total>
  <success_rate>50.0</success_rate>
  <starttime>2018-07-05T14:01:05</starttime>
  <stoptime>2018-07-05T14:01:10</stoptime>
  <runtime>00:00:05</runtime>
  <testbed/>
  <release/>
  <submitter>mshuma</submitter>
  <debugProfile>0</debugProfile>
  <host>macmini9738</host>
</jobSummary>
