<?xml version="1.0" ?>
<jobSummary archiveFilename="/Users/mshuma/PycharmProjects/PyATS_Basic/basic_examples/job/archive/18-Jul/basic_job.2018Jul06_11:15:53.zip" atsTreePath="/Users/mshuma/.pyenv/versions/3.6.1/envs/virtual_engine">
  <jobName>basic_job</jobName>
  <image/>
  <aborted>1</aborted>
  <passed>2</passed>
  <passx>0</passx>
  <failed>0</failed>
  <blocked>0</blocked>
  <skipped>0</skipped>
  <errored>0</errored>
  <unknown>0</unknown>
  <never_ran>0</never_ran>
  <total>3</total>
  <success_rate>66.67</success_rate>
  <starttime>2018-07-06T11:15:54</starttime>
  <stoptime>2018-07-06T11:15:55</stoptime>
  <runtime>00:00:01</runtime>
  <testbed/>
  <release/>
  <submitter>mshuma</submitter>
  <debugProfile>0</debugProfile>
  <host>macmini9738</host>
</jobSummary>
